{"name":"81200d4c-8089-4423-b05a-323c3779942e","id":"/providers/Microsoft.Flow/flows/81200d4c-8089-4423-b05a-323c3779942e","type":"Microsoft.Flow/flows","properties":{"apiId":"/providers/Microsoft.PowerApps/apis/shared_logicflows","displayName":"Button - Create Temp Meeting","definition":{"metadata":{"workflowEntityId":null,"processAdvisorMetadata":null,"flowclientsuspensionreason":"None","flowclientsuspensiontime":null,"flowclientsuspensionreasondetails":null,"creator":{"id":"bea68a5b-9ebc-4b27-8efc-c6d7ec070c36","type":"User","tenantId":"bf74a61b-ccaf-45ce-8bbc-b65af77e9d47"},"provisioningMethod":"FromDefinition","failureAlertSubscription":true,"clientLastModifiedTime":"2022-11-14T16:18:34.4479565Z"},"$schema":"https://schema.management.azure.com/providers/Microsoft.Logic/schemas/2016-06-01/workflowdefinition.json#","contentVersion":"1.0.0.0","parameters":{"$connections":{"defaultValue":{},"type":"Object"},"$authentication":{"defaultValue":{},"type":"SecureObject"}},"triggers":{"manual":{"metadata":{"operationMetadataId":"66127581-ea3f-4f95-850f-f12fbe0224a6"},"type":"Request","kind":"Http","inputs":{"method":"GET"}}},"actions":{"Create_Ad-hoc_Meeting":{"runAfter":{},"metadata":{"operationMetadataId":"9ab7d706-d918-48b6-b640-d2bf8415a768"},"type":"OpenApiConnection","inputs":{"host":{"apiId":"/providers/Microsoft.PowerApps/apis/shared_office365","connectionName":"shared_office365","operationId":"V4CalendarPostItem"},"parameters":{"table":"AQMkADJiMGVkM2M1LWNkNDYtNDkwYS1hZjRkLTJlZjAyYzNmNDU2MgBGAAADde-mbbJ7nU6qMqrChzT_yAcAK49FLSW4RU6KTOgj4ZdAiwAAAgEGAAAAK49FLSW4RU6KTOgj4ZdAiwAAAnosAAAA","item/subject":"Ad-hoc Meeting","item/start":"@utcNow()","item/end":"@addMinutes(utcNow(),30)","item/timeZone":"(UTC) Coordinated Universal Time","item/isReminderOn":false},"authentication":"@parameters('$authentication')"}}},"outputs":{}},"connectionReferences":{"shared_office365":{"connectionName":"shared-office365-4e45333a-91b4-4a96-94e4-f37147c37dab","source":"Embedded","id":"/providers/Microsoft.PowerApps/apis/shared_office365","tier":"NotSpecified"}},"flowFailureAlertSubscribed":false,"isManaged":false}}